{"cameraMode":{"drawMode":0,"name":"Shaded","section":"Shading Mode"},"sceneLighting":true,"audioPlay":false,"sceneViewState":{"m_AlwaysRefresh":false,"showFog":true,"showSkybox":true,"showFlares":true,"showImageEffects":true,"showParticleSystems":true,"showVisualEffectGraphs":true,"m_FxEnabled":true},"in2DMode":false,"pivot":{"x":0.018488049507141115,"y":1.4454501867294312,"z":1.001740574836731},"rotation":{"x":0.0023999244440346958,"y":-0.004799928516149521,"z":0.000011522240129124839,"w":0.9999862313270569},"size":0.7103497385978699,"orthographic":false}